id,check_id,checking_peer,state,time
1,0,Enigma,start,13:00:00
2,0,Enigma,success,13:30:00
3,1,Anti-Mage,start,15:00:00
4,1,Anti-Mage,success,15:30:00
5,2,Axe,start,19:00:00
6,2,Axe,success,19:30:00
7,3,Crystal,start,11:00:00
8,3,Crystal,failure,11:30:00
9,4,Chen,start,10:00:00
10,4,Chen,success,11:00:00
11,5,Enigma,start,20:25:00
12,5,Enigma,success,21:00:00
13,6,Anti-Mage,start,10:10:00
14,6,Anti-Mage,success,10:40:00
15,7,Klee,start,12:15:00
16,7,Klee,success,12:30:00
17,8,Enigma,start,02:00:00
18,8,Enigma,success,02:30:00
19,9,Enigma,start,15:00:00
20,9,Enigma,success,15:30:00
21,10,Enigma,start,16:00:00
22,10,Enigma,success,16:50:00
23,11,Enigma,start,10:00:00
24,11,Enigma,success,11:00:00
25,12,Crystal,start,14:00:00
26,12,Crystal,success,14:30:00
